date,home_team,away_team,league,season,source_file,xg_entry_status,home_xg,away_xg,xg_source_file,xg_source_schema
2024-08-23,M'gladbach,Leverkusen,Bundesliga,2024,football_data_D1_2024_clean.csv,NEEDS_MANUAL_ENTRY,1.51665,3.23588,understat_xg_bundesliga_2024_understat_alias_preview_understat_date_alignment_preview.csv,MATCH_PAIR_XG_SOURCE
2024-08-24,Augsburg,Werder Bremen,Bundesliga,2024,football_data_D1_2024_clean.csv,NEEDS_MANUAL_ENTRY,1.31571,1.54312,understat_xg_bundesliga_2024_understat_alias_preview_understat_date_alignment_preview.csv,MATCH_PAIR_XG_SOURCE
2024-08-24,Dortmund,Ein Frankfurt,Bundesliga,2024,football_data_D1_2024_clean.csv,NEEDS_MANUAL_ENTRY,1.9263,1.15188,understat_xg_bundesliga_2024_understat_alias_preview_understat_date_alignment_preview.csv,MATCH_PAIR_XG_SOURCE
2024-08-24,Freiburg,Stuttgart,Bundesliga,2024,football_data_D1_2024_clean.csv,NEEDS_MANUAL_ENTRY,3.0149,0.374185,understat_xg_bundesliga_2024_understat_alias_preview_understat_date_alignment_preview.csv,MATCH_PAIR_XG_SOURCE
2024-08-24,Hoffenheim,Holstein Kiel,Bundesliga,2024,football_data_D1_2024_clean.csv,NEEDS_MANUAL_ENTRY,3.73706,1.97238,understat_xg_bundesliga_2024_understat_alias_preview_understat_date_alignment_preview.csv,MATCH_PAIR_XG_SOURCE
2024-08-24,Mainz,Union Berlin,Bundesliga,2024,football_data_D1_2024_clean.csv,NEEDS_MANUAL_ENTRY,1.77023,0.731569,understat_xg_bundesliga_2024_understat_alias_preview_understat_date_alignment_preview.csv,MATCH_PAIR_XG_SOURCE
2024-08-24,RB Leipzig,Bochum,Bundesliga,2024,football_data_D1_2024_clean.csv,NEEDS_MANUAL_ENTRY,0.937134,1.31541,understat_xg_bundesliga_2024_understat_alias_preview_understat_date_alignment_preview.csv,MATCH_PAIR_XG_SOURCE
2024-08-25,FC St Pauli,FC Heidenheim,Bundesliga,2024,football_data_D1_2024_clean.csv,NEEDS_MANUAL_ENTRY,1.1609,1.16833,understat_xg_bundesliga_2024_understat_alias_preview_understat_date_alignment_preview.csv,MATCH_PAIR_XG_SOURCE
2024-08-25,Wolfsburg,Bayern Munich,Bundesliga,2024,football_data_D1_2024_clean.csv,NEEDS_MANUAL_ENTRY,2.08125,2.17538,understat_xg_bundesliga_2024_understat_alias_preview_understat_date_alignment_preview.csv,MATCH_PAIR_XG_SOURCE
2024-08-30,Union Berlin,FC St Pauli,Bundesliga,2024,football_data_D1_2024_clean.csv,NEEDS_MANUAL_ENTRY,1.0488,0.644857,understat_xg_bundesliga_2024_understat_alias_preview_understat_date_alignment_preview.csv,MATCH_PAIR_XG_SOURCE
2024-08-31,Bochum,M'gladbach,Bundesliga,2024,football_data_D1_2024_clean.csv,NEEDS_MANUAL_ENTRY,0.918629,2.66887,understat_xg_bundesliga_2024_understat_alias_preview_understat_date_alignment_preview.csv,MATCH_PAIR_XG_SOURCE
2024-08-31,Ein Frankfurt,Hoffenheim,Bundesliga,2024,football_data_D1_2024_clean.csv,NEEDS_MANUAL_ENTRY,2.68507,0.832386,understat_xg_bundesliga_2024_understat_alias_preview_understat_date_alignment_preview.csv,MATCH_PAIR_XG_SOURCE
2024-08-31,Holstein Kiel,Wolfsburg,Bundesliga,2024,football_data_D1_2024_clean.csv,NEEDS_MANUAL_ENTRY,0.89489,1.4619,understat_xg_bundesliga_2024_understat_alias_preview_understat_date_alignment_preview.csv,MATCH_PAIR_XG_SOURCE
2024-08-31,Leverkusen,RB Leipzig,Bundesliga,2024,football_data_D1_2024_clean.csv,NEEDS_MANUAL_ENTRY,3.42266,1.50532,understat_xg_bundesliga_2024_understat_alias_preview_understat_date_alignment_preview.csv,MATCH_PAIR_XG_SOURCE
2024-08-31,Stuttgart,Mainz,Bundesliga,2024,football_data_D1_2024_clean.csv,NEEDS_MANUAL_ENTRY,4.2134,1.95179,understat_xg_bundesliga_2024_understat_alias_preview_understat_date_alignment_preview.csv,MATCH_PAIR_XG_SOURCE
2024-08-31,Werder Bremen,Dortmund,Bundesliga,2024,football_data_D1_2024_clean.csv,NEEDS_MANUAL_ENTRY,0.278533,0.918302,understat_xg_bundesliga_2024_understat_alias_preview_understat_date_alignment_preview.csv,MATCH_PAIR_XG_SOURCE
2024-09-01,Bayern Munich,Freiburg,Bundesliga,2024,football_data_D1_2024_clean.csv,NEEDS_MANUAL_ENTRY,1.62797,0.970892,understat_xg_bundesliga_2024_understat_alias_preview_understat_date_alignment_preview.csv,MATCH_PAIR_XG_SOURCE
2024-09-01,FC Heidenheim,Augsburg,Bundesliga,2024,football_data_D1_2024_clean.csv,NEEDS_MANUAL_ENTRY,3.09376,0.641534,understat_xg_bundesliga_2024_understat_alias_preview_understat_date_alignment_preview.csv,MATCH_PAIR_XG_SOURCE
2024-09-13,Dortmund,FC Heidenheim,Bundesliga,2024,football_data_D1_2024_clean.csv,NEEDS_MANUAL_ENTRY,2.84066,1.61406,understat_xg_bundesliga_2024_understat_alias_preview_understat_date_alignment_preview.csv,MATCH_PAIR_XG_SOURCE
2024-09-14,Freiburg,Bochum,Bundesliga,2024,football_data_D1_2024_clean.csv,NEEDS_MANUAL_ENTRY,3.95617,1.10732,understat_xg_bundesliga_2024_understat_alias_preview_understat_date_alignment_preview.csv,MATCH_PAIR_XG_SOURCE
2024-09-14,Hoffenheim,Leverkusen,Bundesliga,2024,football_data_D1_2024_clean.csv,NEEDS_MANUAL_ENTRY,1.06356,3.41829,understat_xg_bundesliga_2024_understat_alias_preview_understat_date_alignment_preview.csv,MATCH_PAIR_XG_SOURCE
2024-09-14,Holstein Kiel,Bayern Munich,Bundesliga,2024,football_data_D1_2024_clean.csv,NEEDS_MANUAL_ENTRY,0.299776,4.13442,understat_xg_bundesliga_2024_understat_alias_preview_understat_date_alignment_preview.csv,MATCH_PAIR_XG_SOURCE
2024-09-14,M'gladbach,Stuttgart,Bundesliga,2024,football_data_D1_2024_clean.csv,NEEDS_MANUAL_ENTRY,2.05136,2.7214,understat_xg_bundesliga_2024_understat_alias_preview_understat_date_alignment_preview.csv,MATCH_PAIR_XG_SOURCE
2024-09-14,RB Leipzig,Union Berlin,Bundesliga,2024,football_data_D1_2024_clean.csv,NEEDS_MANUAL_ENTRY,1.29462,0.859112,understat_xg_bundesliga_2024_understat_alias_preview_understat_date_alignment_preview.csv,MATCH_PAIR_XG_SOURCE
2024-09-14,Wolfsburg,Ein Frankfurt,Bundesliga,2024,football_data_D1_2024_clean.csv,NEEDS_MANUAL_ENTRY,1.23249,2.86858,understat_xg_bundesliga_2024_understat_alias_preview_understat_date_alignment_preview.csv,MATCH_PAIR_XG_SOURCE
2024-09-15,Augsburg,FC St Pauli,Bundesliga,2024,football_data_D1_2024_clean.csv,NEEDS_MANUAL_ENTRY,2.61475,0.49314,understat_xg_bundesliga_2024_understat_alias_preview_understat_date_alignment_preview.csv,MATCH_PAIR_XG_SOURCE
2024-09-15,Mainz,Werder Bremen,Bundesliga,2024,football_data_D1_2024_clean.csv,NEEDS_MANUAL_ENTRY,1.67115,1.8089,understat_xg_bundesliga_2024_understat_alias_preview_understat_date_alignment_preview.csv,MATCH_PAIR_XG_SOURCE
2024-09-20,Augsburg,Mainz,Bundesliga,2024,football_data_D1_2024_clean.csv,NEEDS_MANUAL_ENTRY,2.79562,1.25788,understat_xg_bundesliga_2024_understat_alias_preview_understat_date_alignment_preview.csv,MATCH_PAIR_XG_SOURCE
2024-09-21,Bochum,Holstein Kiel,Bundesliga,2024,football_data_D1_2024_clean.csv,NEEDS_MANUAL_ENTRY,1.32383,2.26878,understat_xg_bundesliga_2024_understat_alias_preview_understat_date_alignment_preview.csv,MATCH_PAIR_XG_SOURCE
2024-09-21,Ein Frankfurt,M'gladbach,Bundesliga,2024,football_data_D1_2024_clean.csv,NEEDS_MANUAL_ENTRY,2.93252,1.19669,understat_xg_bundesliga_2024_understat_alias_preview_understat_date_alignment_preview.csv,MATCH_PAIR_XG_SOURCE
2024-09-21,FC Heidenheim,Freiburg,Bundesliga,2024,football_data_D1_2024_clean.csv,NEEDS_MANUAL_ENTRY,0.379656,1.23884,understat_xg_bundesliga_2024_understat_alias_preview_understat_date_alignment_preview.csv,MATCH_PAIR_XG_SOURCE
2024-09-21,Union Berlin,Hoffenheim,Bundesliga,2024,football_data_D1_2024_clean.csv,NEEDS_MANUAL_ENTRY,1.21587,0.378776,understat_xg_bundesliga_2024_understat_alias_preview_understat_date_alignment_preview.csv,MATCH_PAIR_XG_SOURCE
2024-09-21,Werder Bremen,Bayern Munich,Bundesliga,2024,football_data_D1_2024_clean.csv,NEEDS_MANUAL_ENTRY,0.0,3.34451,understat_xg_bundesliga_2024_understat_alias_preview_understat_date_alignment_preview.csv,MATCH_PAIR_XG_SOURCE
2024-09-22,FC St Pauli,RB Leipzig,Bundesliga,2024,football_data_D1_2024_clean.csv,NEEDS_MANUAL_ENTRY,1.67285,0.841324,understat_xg_bundesliga_2024_understat_alias_preview_understat_date_alignment_preview.csv,MATCH_PAIR_XG_SOURCE
2024-09-22,Leverkusen,Wolfsburg,Bundesliga,2024,football_data_D1_2024_clean.csv,NEEDS_MANUAL_ENTRY,1.71874,0.836406,understat_xg_bundesliga_2024_understat_alias_preview_understat_date_alignment_preview.csv,MATCH_PAIR_XG_SOURCE
2024-09-22,Stuttgart,Dortmund,Bundesliga,2024,football_data_D1_2024_clean.csv,NEEDS_MANUAL_ENTRY,3.56218,0.60692,understat_xg_bundesliga_2024_understat_alias_preview_understat_date_alignment_preview.csv,MATCH_PAIR_XG_SOURCE
2024-09-27,Dortmund,Bochum,Bundesliga,2024,football_data_D1_2024_clean.csv,NEEDS_MANUAL_ENTRY,4.1712,1.02915,understat_xg_bundesliga_2024_understat_alias_preview_understat_date_alignment_preview.csv,MATCH_PAIR_XG_SOURCE
2024-09-28,Bayern Munich,Leverkusen,Bundesliga,2024,football_data_D1_2024_clean.csv,NEEDS_MANUAL_ENTRY,1.19457,0.0870163,understat_xg_bundesliga_2024_understat_alias_preview_understat_date_alignment_preview.csv,MATCH_PAIR_XG_SOURCE
2024-09-28,Freiburg,FC St Pauli,Bundesliga,2024,football_data_D1_2024_clean.csv,NEEDS_MANUAL_ENTRY,1.10172,1.40925,understat_xg_bundesliga_2024_understat_alias_preview_understat_date_alignment_preview.csv,MATCH_PAIR_XG_SOURCE
2024-09-28,M'gladbach,Union Berlin,Bundesliga,2024,football_data_D1_2024_clean.csv,NEEDS_MANUAL_ENTRY,1.38305,0.731164,understat_xg_bundesliga_2024_understat_alias_preview_understat_date_alignment_preview.csv,MATCH_PAIR_XG_SOURCE
2024-09-28,Mainz,FC Heidenheim,Bundesliga,2024,football_data_D1_2024_clean.csv,NEEDS_MANUAL_ENTRY,0.371434,1.09304,understat_xg_bundesliga_2024_understat_alias_preview_understat_date_alignment_preview.csv,MATCH_PAIR_XG_SOURCE
2024-09-28,RB Leipzig,Augsburg,Bundesliga,2024,football_data_D1_2024_clean.csv,NEEDS_MANUAL_ENTRY,2.81593,1.07415,understat_xg_bundesliga_2024_understat_alias_preview_understat_date_alignment_preview.csv,MATCH_PAIR_XG_SOURCE
2024-09-28,Wolfsburg,Stuttgart,Bundesliga,2024,football_data_D1_2024_clean.csv,NEEDS_MANUAL_ENTRY,1.0386,2.58036,understat_xg_bundesliga_2024_understat_alias_preview_understat_date_alignment_preview.csv,MATCH_PAIR_XG_SOURCE
2024-09-29,Hoffenheim,Werder Bremen,Bundesliga,2024,football_data_D1_2024_clean.csv,NEEDS_MANUAL_ENTRY,1.78654,4.06917,understat_xg_bundesliga_2024_understat_alias_preview_understat_date_alignment_preview.csv,MATCH_PAIR_XG_SOURCE
2024-09-29,Holstein Kiel,Ein Frankfurt,Bundesliga,2024,football_data_D1_2024_clean.csv,NEEDS_MANUAL_ENTRY,1.02971,2.43436,understat_xg_bundesliga_2024_understat_alias_preview_understat_date_alignment_preview.csv,MATCH_PAIR_XG_SOURCE
2024-10-04,Augsburg,M'gladbach,Bundesliga,2024,football_data_D1_2024_clean.csv,NEEDS_MANUAL_ENTRY,1.75524,0.807021,understat_xg_bundesliga_2024_understat_alias_preview_understat_date_alignment_preview.csv,MATCH_PAIR_XG_SOURCE
2024-10-05,Bochum,Wolfsburg,Bundesliga,2024,football_data_D1_2024_clean.csv,NEEDS_MANUAL_ENTRY,2.28586,2.37344,understat_xg_bundesliga_2024_understat_alias_preview_understat_date_alignment_preview.csv,MATCH_PAIR_XG_SOURCE
2024-10-05,FC St Pauli,Mainz,Bundesliga,2024,football_data_D1_2024_clean.csv,NEEDS_MANUAL_ENTRY,0.805413,1.29606,understat_xg_bundesliga_2024_understat_alias_preview_understat_date_alignment_preview.csv,MATCH_PAIR_XG_SOURCE
2024-10-05,Leverkusen,Holstein Kiel,Bundesliga,2024,football_data_D1_2024_clean.csv,NEEDS_MANUAL_ENTRY,2.5839,1.98438,understat_xg_bundesliga_2024_understat_alias_preview_understat_date_alignment_preview.csv,MATCH_PAIR_XG_SOURCE
2024-10-05,Union Berlin,Dortmund,Bundesliga,2024,football_data_D1_2024_clean.csv,NEEDS_MANUAL_ENTRY,1.52691,0.748758,understat_xg_bundesliga_2024_understat_alias_preview_understat_date_alignment_preview.csv,MATCH_PAIR_XG_SOURCE
2024-10-05,Werder Bremen,Freiburg,Bundesliga,2024,football_data_D1_2024_clean.csv,NEEDS_MANUAL_ENTRY,0.879674,1.58065,understat_xg_bundesliga_2024_understat_alias_preview_understat_date_alignment_preview.csv,MATCH_PAIR_XG_SOURCE
2024-10-06,Ein Frankfurt,Bayern Munich,Bundesliga,2024,football_data_D1_2024_clean.csv,NEEDS_MANUAL_ENTRY,1.49515,2.83119,understat_xg_bundesliga_2024_understat_alias_preview_understat_date_alignment_preview.csv,MATCH_PAIR_XG_SOURCE
2024-10-06,FC Heidenheim,RB Leipzig,Bundesliga,2024,football_data_D1_2024_clean.csv,NEEDS_MANUAL_ENTRY,1.08159,1.81585,understat_xg_bundesliga_2024_understat_alias_preview_understat_date_alignment_preview.csv,MATCH_PAIR_XG_SOURCE
2024-10-06,Stuttgart,Hoffenheim,Bundesliga,2024,football_data_D1_2024_clean.csv,NEEDS_MANUAL_ENTRY,1.72567,0.893468,understat_xg_bundesliga_2024_understat_alias_preview_understat_date_alignment_preview.csv,MATCH_PAIR_XG_SOURCE
2024-10-18,Dortmund,FC St Pauli,Bundesliga,2024,football_data_D1_2024_clean.csv,NEEDS_MANUAL_ENTRY,3.97161,1.07012,understat_xg_bundesliga_2024_understat_alias_preview_understat_date_alignment_preview.csv,MATCH_PAIR_XG_SOURCE
2024-10-19,Bayern Munich,Stuttgart,Bundesliga,2024,football_data_D1_2024_clean.csv,NEEDS_MANUAL_ENTRY,3.61889,0.286656,understat_xg_bundesliga_2024_understat_alias_preview_understat_date_alignment_preview.csv,MATCH_PAIR_XG_SOURCE
2024-10-19,Freiburg,Augsburg,Bundesliga,2024,football_data_D1_2024_clean.csv,NEEDS_MANUAL_ENTRY,1.07588,0.868723,understat_xg_bundesliga_2024_understat_alias_preview_understat_date_alignment_preview.csv,MATCH_PAIR_XG_SOURCE
2024-10-19,Hoffenheim,Bochum,Bundesliga,2024,football_data_D1_2024_clean.csv,NEEDS_MANUAL_ENTRY,2.46268,2.3454,understat_xg_bundesliga_2024_understat_alias_preview_understat_date_alignment_preview.csv,MATCH_PAIR_XG_SOURCE
2024-10-19,Leverkusen,Ein Frankfurt,Bundesliga,2024,football_data_D1_2024_clean.csv,NEEDS_MANUAL_ENTRY,4.07146,1.55158,understat_xg_bundesliga_2024_understat_alias_preview_understat_date_alignment_preview.csv,MATCH_PAIR_XG_SOURCE
2024-10-19,M'gladbach,FC Heidenheim,Bundesliga,2024,football_data_D1_2024_clean.csv,NEEDS_MANUAL_ENTRY,4.14976,1.89766,understat_xg_bundesliga_2024_understat_alias_preview_understat_date_alignment_preview.csv,MATCH_PAIR_XG_SOURCE
2024-10-19,Mainz,RB Leipzig,Bundesliga,2024,football_data_D1_2024_clean.csv,NEEDS_MANUAL_ENTRY,0.611288,2.16084,understat_xg_bundesliga_2024_understat_alias_preview_understat_date_alignment_preview.csv,MATCH_PAIR_XG_SOURCE
2024-10-20,Holstein Kiel,Union Berlin,Bundesliga,2024,football_data_D1_2024_clean.csv,NEEDS_MANUAL_ENTRY,0.901058,1.2809,understat_xg_bundesliga_2024_understat_alias_preview_understat_date_alignment_preview.csv,MATCH_PAIR_XG_SOURCE
2024-10-20,Wolfsburg,Werder Bremen,Bundesliga,2024,football_data_D1_2024_clean.csv,NEEDS_MANUAL_ENTRY,2.17351,2.14788,understat_xg_bundesliga_2024_understat_alias_preview_understat_date_alignment_preview.csv,MATCH_PAIR_XG_SOURCE
2024-10-25,Mainz,M'gladbach,Bundesliga,2024,football_data_D1_2024_clean.csv,NEEDS_MANUAL_ENTRY,1.45557,0.934033,understat_xg_bundesliga_2024_understat_alias_preview_understat_date_alignment_preview.csv,MATCH_PAIR_XG_SOURCE
2024-10-26,Augsburg,Dortmund,Bundesliga,2024,football_data_D1_2024_clean.csv,NEEDS_MANUAL_ENTRY,0.560509,0.776944,understat_xg_bundesliga_2024_understat_alias_preview_understat_date_alignment_preview.csv,MATCH_PAIR_XG_SOURCE
2024-10-26,FC St Pauli,Wolfsburg,Bundesliga,2024,football_data_D1_2024_clean.csv,NEEDS_MANUAL_ENTRY,0.730167,0.940969,understat_xg_bundesliga_2024_understat_alias_preview_understat_date_alignment_preview.csv,MATCH_PAIR_XG_SOURCE
2024-10-26,RB Leipzig,Freiburg,Bundesliga,2024,football_data_D1_2024_clean.csv,NEEDS_MANUAL_ENTRY,2.69047,1.75887,understat_xg_bundesliga_2024_understat_alias_preview_understat_date_alignment_preview.csv,MATCH_PAIR_XG_SOURCE
2024-10-26,Stuttgart,Holstein Kiel,Bundesliga,2024,football_data_D1_2024_clean.csv,NEEDS_MANUAL_ENTRY,1.90999,0.680092,understat_xg_bundesliga_2024_understat_alias_preview_understat_date_alignment_preview.csv,MATCH_PAIR_XG_SOURCE
2024-10-26,Werder Bremen,Leverkusen,Bundesliga,2024,football_data_D1_2024_clean.csv,NEEDS_MANUAL_ENTRY,1.78808,1.30852,understat_xg_bundesliga_2024_understat_alias_preview_understat_date_alignment_preview.csv,MATCH_PAIR_XG_SOURCE
2024-10-27,Bochum,Bayern Munich,Bundesliga,2024,football_data_D1_2024_clean.csv,NEEDS_MANUAL_ENTRY,0.205046,3.1499,understat_xg_bundesliga_2024_understat_alias_preview_understat_date_alignment_preview.csv,MATCH_PAIR_XG_SOURCE
2024-10-27,FC Heidenheim,Hoffenheim,Bundesliga,2024,football_data_D1_2024_clean.csv,NEEDS_MANUAL_ENTRY,1.57817,0.692793,understat_xg_bundesliga_2024_understat_alias_preview_understat_date_alignment_preview.csv,MATCH_PAIR_XG_SOURCE
2024-10-27,Union Berlin,Ein Frankfurt,Bundesliga,2024,football_data_D1_2024_clean.csv,NEEDS_MANUAL_ENTRY,1.86305,1.54058,understat_xg_bundesliga_2024_understat_alias_preview_understat_date_alignment_preview.csv,MATCH_PAIR_XG_SOURCE
2024-11-01,Leverkusen,Stuttgart,Bundesliga,2024,football_data_D1_2024_clean.csv,NEEDS_MANUAL_ENTRY,2.78287,0.223778,understat_xg_bundesliga_2024_understat_alias_preview_understat_date_alignment_preview.csv,MATCH_PAIR_XG_SOURCE
2024-11-02,Bayern Munich,Union Berlin,Bundesliga,2024,football_data_D1_2024_clean.csv,NEEDS_MANUAL_ENTRY,2.76181,0.4664,understat_xg_bundesliga_2024_understat_alias_preview_understat_date_alignment_preview.csv,MATCH_PAIR_XG_SOURCE
2024-11-02,Dortmund,RB Leipzig,Bundesliga,2024,football_data_D1_2024_clean.csv,NEEDS_MANUAL_ENTRY,3.30102,0.23928,understat_xg_bundesliga_2024_understat_alias_preview_understat_date_alignment_preview.csv,MATCH_PAIR_XG_SOURCE
2024-11-02,Ein Frankfurt,Bochum,Bundesliga,2024,football_data_D1_2024_clean.csv,NEEDS_MANUAL_ENTRY,3.83028,2.08714,understat_xg_bundesliga_2024_understat_alias_preview_understat_date_alignment_preview.csv,MATCH_PAIR_XG_SOURCE
2024-11-02,Hoffenheim,FC St Pauli,Bundesliga,2024,football_data_D1_2024_clean.csv,NEEDS_MANUAL_ENTRY,0.746379,1.1155,understat_xg_bundesliga_2024_understat_alias_preview_understat_date_alignment_preview.csv,MATCH_PAIR_XG_SOURCE
2024-11-02,Holstein Kiel,FC Heidenheim,Bundesliga,2024,football_data_D1_2024_clean.csv,NEEDS_MANUAL_ENTRY,2.13316,1.27585,understat_xg_bundesliga_2024_understat_alias_preview_understat_date_alignment_preview.csv,MATCH_PAIR_XG_SOURCE
2024-11-02,Wolfsburg,Augsburg,Bundesliga,2024,football_data_D1_2024_clean.csv,NEEDS_MANUAL_ENTRY,1.11324,0.499473,understat_xg_bundesliga_2024_understat_alias_preview_understat_date_alignment_preview.csv,MATCH_PAIR_XG_SOURCE
2024-11-03,Freiburg,Mainz,Bundesliga,2024,football_data_D1_2024_clean.csv,NEEDS_MANUAL_ENTRY,0.463898,0.903716,understat_xg_bundesliga_2024_understat_alias_preview_understat_date_alignment_preview.csv,MATCH_PAIR_XG_SOURCE
2024-11-03,M'gladbach,Werder Bremen,Bundesliga,2024,football_data_D1_2024_clean.csv,NEEDS_MANUAL_ENTRY,2.95668,1.30211,understat_xg_bundesliga_2024_understat_alias_preview_understat_date_alignment_preview.csv,MATCH_PAIR_XG_SOURCE
2024-11-08,Union Berlin,Freiburg,Bundesliga,2024,football_data_D1_2024_clean.csv,NEEDS_MANUAL_ENTRY,0.801684,2.66619,understat_xg_bundesliga_2024_understat_alias_preview_understat_date_alignment_preview.csv,MATCH_PAIR_XG_SOURCE
2024-11-09,Bochum,Leverkusen,Bundesliga,2024,football_data_D1_2024_clean.csv,NEEDS_MANUAL_ENTRY,0.777554,1.40554,understat_xg_bundesliga_2024_understat_alias_preview_understat_date_alignment_preview.csv,MATCH_PAIR_XG_SOURCE
2024-11-09,FC St Pauli,Bayern Munich,Bundesliga,2024,football_data_D1_2024_clean.csv,NEEDS_MANUAL_ENTRY,0.0751538,1.67296,understat_xg_bundesliga_2024_understat_alias_preview_understat_date_alignment_preview.csv,MATCH_PAIR_XG_SOURCE
2024-11-09,Mainz,Dortmund,Bundesliga,2024,football_data_D1_2024_clean.csv,NEEDS_MANUAL_ENTRY,3.18749,0.845107,understat_xg_bundesliga_2024_understat_alias_preview_understat_date_alignment_preview.csv,MATCH_PAIR_XG_SOURCE
2024-11-09,RB Leipzig,M'gladbach,Bundesliga,2024,football_data_D1_2024_clean.csv,NEEDS_MANUAL_ENTRY,0.849803,1.31521,understat_xg_bundesliga_2024_understat_alias_preview_understat_date_alignment_preview.csv,MATCH_PAIR_XG_SOURCE
2024-11-09,Werder Bremen,Holstein Kiel,Bundesliga,2024,football_data_D1_2024_clean.csv,NEEDS_MANUAL_ENTRY,2.26129,0.884231,understat_xg_bundesliga_2024_understat_alias_preview_understat_date_alignment_preview.csv,MATCH_PAIR_XG_SOURCE
2024-11-10,Augsburg,Hoffenheim,Bundesliga,2024,football_data_D1_2024_clean.csv,NEEDS_MANUAL_ENTRY,0.970329,0.415649,understat_xg_bundesliga_2024_understat_alias_preview_understat_date_alignment_preview.csv,MATCH_PAIR_XG_SOURCE
2024-11-10,FC Heidenheim,Wolfsburg,Bundesliga,2024,football_data_D1_2024_clean.csv,NEEDS_MANUAL_ENTRY,2.62448,1.55233,understat_xg_bundesliga_2024_understat_alias_preview_understat_date_alignment_preview.csv,MATCH_PAIR_XG_SOURCE
2024-11-10,Stuttgart,Ein Frankfurt,Bundesliga,2024,football_data_D1_2024_clean.csv,NEEDS_MANUAL_ENTRY,2.81862,1.93894,understat_xg_bundesliga_2024_understat_alias_preview_understat_date_alignment_preview.csv,MATCH_PAIR_XG_SOURCE
2024-11-22,Bayern Munich,Augsburg,Bundesliga,2024,football_data_D1_2024_clean.csv,NEEDS_MANUAL_ENTRY,4.02659,0.149096,understat_xg_bundesliga_2024_understat_alias_preview_understat_date_alignment_preview.csv,MATCH_PAIR_XG_SOURCE
2024-11-23,Dortmund,Freiburg,Bundesliga,2024,football_data_D1_2024_clean.csv,NEEDS_MANUAL_ENTRY,1.49974,1.1957,understat_xg_bundesliga_2024_understat_alias_preview_understat_date_alignment_preview.csv,MATCH_PAIR_XG_SOURCE
2024-11-23,Ein Frankfurt,Werder Bremen,Bundesliga,2024,football_data_D1_2024_clean.csv,NEEDS_MANUAL_ENTRY,1.47057,0.632819,understat_xg_bundesliga_2024_understat_alias_preview_understat_date_alignment_preview.csv,MATCH_PAIR_XG_SOURCE
2024-11-23,Hoffenheim,RB Leipzig,Bundesliga,2024,football_data_D1_2024_clean.csv,NEEDS_MANUAL_ENTRY,2.60143,1.72976,understat_xg_bundesliga_2024_understat_alias_preview_understat_date_alignment_preview.csv,MATCH_PAIR_XG_SOURCE
2024-11-23,Leverkusen,FC Heidenheim,Bundesliga,2024,football_data_D1_2024_clean.csv,NEEDS_MANUAL_ENTRY,2.02581,1.03141,understat_xg_bundesliga_2024_understat_alias_preview_understat_date_alignment_preview.csv,MATCH_PAIR_XG_SOURCE
2024-11-23,Stuttgart,Bochum,Bundesliga,2024,football_data_D1_2024_clean.csv,NEEDS_MANUAL_ENTRY,2.05767,0.652259,understat_xg_bundesliga_2024_understat_alias_preview_understat_date_alignment_preview.csv,MATCH_PAIR_XG_SOURCE
2024-11-23,Wolfsburg,Union Berlin,Bundesliga,2024,football_data_D1_2024_clean.csv,NEEDS_MANUAL_ENTRY,0.742754,0.63337,understat_xg_bundesliga_2024_understat_alias_preview_understat_date_alignment_preview.csv,MATCH_PAIR_XG_SOURCE
2024-11-24,Holstein Kiel,Mainz,Bundesliga,2024,football_data_D1_2024_clean.csv,NEEDS_MANUAL_ENTRY,0.346026,2.13631,understat_xg_bundesliga_2024_understat_alias_preview_understat_date_alignment_preview.csv,MATCH_PAIR_XG_SOURCE
2024-11-24,M'gladbach,FC St Pauli,Bundesliga,2024,football_data_D1_2024_clean.csv,NEEDS_MANUAL_ENTRY,2.99128,1.15234,understat_xg_bundesliga_2024_understat_alias_preview_understat_date_alignment_preview.csv,MATCH_PAIR_XG_SOURCE
2024-11-29,FC St Pauli,Holstein Kiel,Bundesliga,2024,football_data_D1_2024_clean.csv,NEEDS_MANUAL_ENTRY,1.96179,1.1506,understat_xg_bundesliga_2024_understat_alias_preview_understat_date_alignment_preview.csv,MATCH_PAIR_XG_SOURCE
2024-11-30,Augsburg,Bochum,Bundesliga,2024,football_data_D1_2024_clean.csv,NEEDS_MANUAL_ENTRY,2.15529,0.250706,understat_xg_bundesliga_2024_understat_alias_preview_understat_date_alignment_preview.csv,MATCH_PAIR_XG_SOURCE
2024-11-30,Dortmund,Bayern Munich,Bundesliga,2024,football_data_D1_2024_clean.csv,NEEDS_MANUAL_ENTRY,0.55981,1.83117,understat_xg_bundesliga_2024_understat_alias_preview_understat_date_alignment_preview.csv,MATCH_PAIR_XG_SOURCE
2024-11-30,Freiburg,M'gladbach,Bundesliga,2024,football_data_D1_2024_clean.csv,NEEDS_MANUAL_ENTRY,2.15426,1.27811,understat_xg_bundesliga_2024_understat_alias_preview_understat_date_alignment_preview.csv,MATCH_PAIR_XG_SOURCE
2024-11-30,RB Leipzig,Wolfsburg,Bundesliga,2024,football_data_D1_2024_clean.csv,NEEDS_MANUAL_ENTRY,1.4486,2.69881,understat_xg_bundesliga_2024_understat_alias_preview_understat_date_alignment_preview.csv,MATCH_PAIR_XG_SOURCE
2024-11-30,Union Berlin,Leverkusen,Bundesliga,2024,football_data_D1_2024_clean.csv,NEEDS_MANUAL_ENTRY,1.11328,0.906684,understat_xg_bundesliga_2024_understat_alias_preview_understat_date_alignment_preview.csv,MATCH_PAIR_XG_SOURCE
2024-11-30,Werder Bremen,Stuttgart,Bundesliga,2024,football_data_D1_2024_clean.csv,NEEDS_MANUAL_ENTRY,2.14949,1.6651,understat_xg_bundesliga_2024_understat_alias_preview_understat_date_alignment_preview.csv,MATCH_PAIR_XG_SOURCE
2024-12-01,FC Heidenheim,Ein Frankfurt,Bundesliga,2024,football_data_D1_2024_clean.csv,NEEDS_MANUAL_ENTRY,0.861094,3.19019,understat_xg_bundesliga_2024_understat_alias_preview_understat_date_alignment_preview.csv,MATCH_PAIR_XG_SOURCE
2024-12-01,Mainz,Hoffenheim,Bundesliga,2024,football_data_D1_2024_clean.csv,NEEDS_MANUAL_ENTRY,2.62793,0.814599,understat_xg_bundesliga_2024_understat_alias_preview_understat_date_alignment_preview.csv,MATCH_PAIR_XG_SOURCE
2024-12-06,Stuttgart,Union Berlin,Bundesliga,2024,football_data_D1_2024_clean.csv,NEEDS_MANUAL_ENTRY,1.81349,1.86301,understat_xg_bundesliga_2024_understat_alias_preview_understat_date_alignment_preview.csv,MATCH_PAIR_XG_SOURCE
2024-12-07,Bayern Munich,FC Heidenheim,Bundesliga,2024,football_data_D1_2024_clean.csv,NEEDS_MANUAL_ENTRY,3.08538,1.16879,understat_xg_bundesliga_2024_understat_alias_preview_understat_date_alignment_preview.csv,MATCH_PAIR_XG_SOURCE
2024-12-07,Bochum,Werder Bremen,Bundesliga,2024,football_data_D1_2024_clean.csv,NEEDS_MANUAL_ENTRY,1.16256,1.20754,understat_xg_bundesliga_2024_understat_alias_preview_understat_date_alignment_preview.csv,MATCH_PAIR_XG_SOURCE
2024-12-07,Ein Frankfurt,Augsburg,Bundesliga,2024,football_data_D1_2024_clean.csv,NEEDS_MANUAL_ENTRY,1.53465,1.17089,understat_xg_bundesliga_2024_understat_alias_preview_understat_date_alignment_preview.csv,MATCH_PAIR_XG_SOURCE
2024-12-07,Holstein Kiel,RB Leipzig,Bundesliga,2024,football_data_D1_2024_clean.csv,NEEDS_MANUAL_ENTRY,1.14963,1.72704,understat_xg_bundesliga_2024_understat_alias_preview_understat_date_alignment_preview.csv,MATCH_PAIR_XG_SOURCE
2024-12-07,Leverkusen,FC St Pauli,Bundesliga,2024,football_data_D1_2024_clean.csv,NEEDS_MANUAL_ENTRY,0.729523,2.18395,understat_xg_bundesliga_2024_understat_alias_preview_understat_date_alignment_preview.csv,MATCH_PAIR_XG_SOURCE
2024-12-07,M'gladbach,Dortmund,Bundesliga,2024,football_data_D1_2024_clean.csv,NEEDS_MANUAL_ENTRY,1.10194,1.58856,understat_xg_bundesliga_2024_understat_alias_preview_understat_date_alignment_preview.csv,MATCH_PAIR_XG_SOURCE
2024-12-08,Hoffenheim,Freiburg,Bundesliga,2024,football_data_D1_2024_clean.csv,NEEDS_MANUAL_ENTRY,1.49449,1.53138,understat_xg_bundesliga_2024_understat_alias_preview_understat_date_alignment_preview.csv,MATCH_PAIR_XG_SOURCE
2024-12-08,Wolfsburg,Mainz,Bundesliga,2024,football_data_D1_2024_clean.csv,NEEDS_MANUAL_ENTRY,1.48692,3.02237,understat_xg_bundesliga_2024_understat_alias_preview_understat_date_alignment_preview.csv,MATCH_PAIR_XG_SOURCE
2024-12-13,Freiburg,Wolfsburg,Bundesliga,2024,football_data_D1_2024_clean.csv,NEEDS_MANUAL_ENTRY,2.96777,1.85123,understat_xg_bundesliga_2024_understat_alias_preview_understat_date_alignment_preview.csv,MATCH_PAIR_XG_SOURCE
2024-12-14,Augsburg,Leverkusen,Bundesliga,2024,football_data_D1_2024_clean.csv,NEEDS_MANUAL_ENTRY,0.43671,1.02095,understat_xg_bundesliga_2024_understat_alias_preview_understat_date_alignment_preview.csv,MATCH_PAIR_XG_SOURCE
2024-12-14,FC St Pauli,Werder Bremen,Bundesliga,2024,football_data_D1_2024_clean.csv,NEEDS_MANUAL_ENTRY,0.515437,0.986101,understat_xg_bundesliga_2024_understat_alias_preview_understat_date_alignment_preview.csv,MATCH_PAIR_XG_SOURCE
2024-12-14,M'gladbach,Holstein Kiel,Bundesliga,2024,football_data_D1_2024_clean.csv,NEEDS_MANUAL_ENTRY,2.33425,0.323948,understat_xg_bundesliga_2024_understat_alias_preview_understat_date_alignment_preview.csv,MATCH_PAIR_XG_SOURCE
2024-12-14,Mainz,Bayern Munich,Bundesliga,2024,football_data_D1_2024_clean.csv,NEEDS_MANUAL_ENTRY,1.64219,0.992002,understat_xg_bundesliga_2024_understat_alias_preview_understat_date_alignment_preview.csv,MATCH_PAIR_XG_SOURCE
2024-12-14,Union Berlin,Bochum,Bundesliga,2024,football_data_D1_2024_clean.csv,NEEDS_MANUAL_ENTRY,3.0131,1.23723,understat_xg_bundesliga_2024_understat_alias_preview_understat_date_alignment_preview.csv,MATCH_PAIR_XG_SOURCE
2024-12-15,Dortmund,Hoffenheim,Bundesliga,2024,football_data_D1_2024_clean.csv,NEEDS_MANUAL_ENTRY,0.433347,1.31436,understat_xg_bundesliga_2024_understat_alias_preview_understat_date_alignment_preview.csv,MATCH_PAIR_XG_SOURCE
2024-12-15,FC Heidenheim,Stuttgart,Bundesliga,2024,football_data_D1_2024_clean.csv,NEEDS_MANUAL_ENTRY,0.808275,3.46171,understat_xg_bundesliga_2024_understat_alias_preview_understat_date_alignment_preview.csv,MATCH_PAIR_XG_SOURCE
2024-12-15,RB Leipzig,Ein Frankfurt,Bundesliga,2024,football_data_D1_2024_clean.csv,NEEDS_MANUAL_ENTRY,2.4958,0.839379,understat_xg_bundesliga_2024_understat_alias_preview_understat_date_alignment_preview.csv,MATCH_PAIR_XG_SOURCE
2024-12-20,Bayern Munich,RB Leipzig,Bundesliga,2024,football_data_D1_2024_clean.csv,NEEDS_MANUAL_ENTRY,4.35715,0.552564,understat_xg_bundesliga_2024_understat_alias_preview_understat_date_alignment_preview.csv,MATCH_PAIR_XG_SOURCE
2024-12-21,Ein Frankfurt,Mainz,Bundesliga,2024,football_data_D1_2024_clean.csv,NEEDS_MANUAL_ENTRY,2.58915,0.753285,understat_xg_bundesliga_2024_understat_alias_preview_understat_date_alignment_preview.csv,MATCH_PAIR_XG_SOURCE
2024-12-21,Hoffenheim,M'gladbach,Bundesliga,2024,football_data_D1_2024_clean.csv,NEEDS_MANUAL_ENTRY,3.7229,0.490494,understat_xg_bundesliga_2024_understat_alias_preview_understat_date_alignment_preview.csv,MATCH_PAIR_XG_SOURCE
2024-12-21,Holstein Kiel,Augsburg,Bundesliga,2024,football_data_D1_2024_clean.csv,NEEDS_MANUAL_ENTRY,2.48595,1.13064,understat_xg_bundesliga_2024_understat_alias_preview_understat_date_alignment_preview.csv,MATCH_PAIR_XG_SOURCE
2024-12-21,Leverkusen,Freiburg,Bundesliga,2024,football_data_D1_2024_clean.csv,NEEDS_MANUAL_ENTRY,3.25968,1.34161,understat_xg_bundesliga_2024_understat_alias_preview_understat_date_alignment_preview.csv,MATCH_PAIR_XG_SOURCE
2024-12-21,Stuttgart,FC St Pauli,Bundesliga,2024,football_data_D1_2024_clean.csv,NEEDS_MANUAL_ENTRY,2.41593,2.57781,understat_xg_bundesliga_2024_understat_alias_preview_understat_date_alignment_preview.csv,MATCH_PAIR_XG_SOURCE
2024-12-21,Werder Bremen,Union Berlin,Bundesliga,2024,football_data_D1_2024_clean.csv,NEEDS_MANUAL_ENTRY,2.73356,1.64107,understat_xg_bundesliga_2024_understat_alias_preview_understat_date_alignment_preview.csv,MATCH_PAIR_XG_SOURCE
2024-12-22,Bochum,FC Heidenheim,Bundesliga,2024,football_data_D1_2024_clean.csv,NEEDS_MANUAL_ENTRY,1.68369,0.512353,understat_xg_bundesliga_2024_understat_alias_preview_understat_date_alignment_preview.csv,MATCH_PAIR_XG_SOURCE
2024-12-22,Wolfsburg,Dortmund,Bundesliga,2024,football_data_D1_2024_clean.csv,NEEDS_MANUAL_ENTRY,1.95337,2.4116,understat_xg_bundesliga_2024_understat_alias_preview_understat_date_alignment_preview.csv,MATCH_PAIR_XG_SOURCE
2025-01-10,Dortmund,Leverkusen,Bundesliga,2024,football_data_D1_2024_clean.csv,NEEDS_MANUAL_ENTRY,1.48663,1.8834,understat_xg_bundesliga_2024_understat_alias_preview_understat_date_alignment_preview.csv,MATCH_PAIR_XG_SOURCE
2025-01-11,FC Heidenheim,Union Berlin,Bundesliga,2024,football_data_D1_2024_clean.csv,NEEDS_MANUAL_ENTRY,1.75563,1.03435,understat_xg_bundesliga_2024_understat_alias_preview_understat_date_alignment_preview.csv,MATCH_PAIR_XG_SOURCE
2025-01-11,FC St Pauli,Ein Frankfurt,Bundesliga,2024,football_data_D1_2024_clean.csv,NEEDS_MANUAL_ENTRY,2.5542,2.23689,understat_xg_bundesliga_2024_understat_alias_preview_understat_date_alignment_preview.csv,MATCH_PAIR_XG_SOURCE
2025-01-11,Freiburg,Holstein Kiel,Bundesliga,2024,football_data_D1_2024_clean.csv,NEEDS_MANUAL_ENTRY,0.750017,1.66855,understat_xg_bundesliga_2024_understat_alias_preview_understat_date_alignment_preview.csv,MATCH_PAIR_XG_SOURCE
2025-01-11,Hoffenheim,Wolfsburg,Bundesliga,2024,football_data_D1_2024_clean.csv,NEEDS_MANUAL_ENTRY,1.18042,1.49127,understat_xg_bundesliga_2024_understat_alias_preview_understat_date_alignment_preview.csv,MATCH_PAIR_XG_SOURCE
2025-01-11,M'gladbach,Bayern Munich,Bundesliga,2024,football_data_D1_2024_clean.csv,NEEDS_MANUAL_ENTRY,0.326195,4.47736,understat_xg_bundesliga_2024_understat_alias_preview_understat_date_alignment_preview.csv,MATCH_PAIR_XG_SOURCE
2025-01-11,Mainz,Bochum,Bundesliga,2024,football_data_D1_2024_clean.csv,NEEDS_MANUAL_ENTRY,1.7238,0.697735,understat_xg_bundesliga_2024_understat_alias_preview_understat_date_alignment_preview.csv,MATCH_PAIR_XG_SOURCE
2025-01-12,Augsburg,Stuttgart,Bundesliga,2024,football_data_D1_2024_clean.csv,NEEDS_MANUAL_ENTRY,0.339144,2.61617,understat_xg_bundesliga_2024_understat_alias_preview_understat_date_alignment_preview.csv,MATCH_PAIR_XG_SOURCE
2025-01-12,RB Leipzig,Werder Bremen,Bundesliga,2024,football_data_D1_2024_clean.csv,NEEDS_MANUAL_ENTRY,2.65039,1.32687,understat_xg_bundesliga_2024_understat_alias_preview_understat_date_alignment_preview.csv,MATCH_PAIR_XG_SOURCE
2025-01-14,Ein Frankfurt,Freiburg,Bundesliga,2024,football_data_D1_2024_clean.csv,NEEDS_MANUAL_ENTRY,2.82238,0.587762,understat_xg_bundesliga_2024_understat_alias_preview_understat_date_alignment_preview.csv,MATCH_PAIR_XG_SOURCE
2025-01-14,Holstein Kiel,Dortmund,Bundesliga,2024,football_data_D1_2024_clean.csv,NEEDS_MANUAL_ENTRY,1.95929,1.16391,understat_xg_bundesliga_2024_understat_alias_preview_understat_date_alignment_preview.csv,MATCH_PAIR_XG_SOURCE
2025-01-14,Leverkusen,Mainz,Bundesliga,2024,football_data_D1_2024_clean.csv,NEEDS_MANUAL_ENTRY,1.99412,0.603471,understat_xg_bundesliga_2024_understat_alias_preview_understat_date_alignment_preview.csv,MATCH_PAIR_XG_SOURCE
2025-01-14,Wolfsburg,M'gladbach,Bundesliga,2024,football_data_D1_2024_clean.csv,NEEDS_MANUAL_ENTRY,3.72762,0.856948,understat_xg_bundesliga_2024_understat_alias_preview_understat_date_alignment_preview.csv,MATCH_PAIR_XG_SOURCE
2025-01-15,Bayern Munich,Hoffenheim,Bundesliga,2024,football_data_D1_2024_clean.csv,NEEDS_MANUAL_ENTRY,3.80458,0.222965,understat_xg_bundesliga_2024_understat_alias_preview_understat_date_alignment_preview.csv,MATCH_PAIR_XG_SOURCE
2025-01-15,Bochum,FC St Pauli,Bundesliga,2024,football_data_D1_2024_clean.csv,NEEDS_MANUAL_ENTRY,1.8213,1.15308,understat_xg_bundesliga_2024_understat_alias_preview_understat_date_alignment_preview.csv,MATCH_PAIR_XG_SOURCE
2025-01-15,Stuttgart,RB Leipzig,Bundesliga,2024,football_data_D1_2024_clean.csv,NEEDS_MANUAL_ENTRY,2.42754,0.710278,understat_xg_bundesliga_2024_understat_alias_preview_understat_date_alignment_preview.csv,MATCH_PAIR_XG_SOURCE
2025-01-15,Union Berlin,Augsburg,Bundesliga,2024,football_data_D1_2024_clean.csv,NEEDS_MANUAL_ENTRY,0.549286,1.41902,understat_xg_bundesliga_2024_understat_alias_preview_understat_date_alignment_preview.csv,MATCH_PAIR_XG_SOURCE
2025-01-15,Werder Bremen,FC Heidenheim,Bundesliga,2024,football_data_D1_2024_clean.csv,NEEDS_MANUAL_ENTRY,1.87497,1.91878,understat_xg_bundesliga_2024_understat_alias_preview_understat_date_alignment_preview.csv,MATCH_PAIR_XG_SOURCE
2025-01-17,Ein Frankfurt,Dortmund,Bundesliga,2024,football_data_D1_2024_clean.csv,NEEDS_MANUAL_ENTRY,2.05106,0.57641,understat_xg_bundesliga_2024_understat_alias_preview_understat_date_alignment_preview.csv,MATCH_PAIR_XG_SOURCE
2025-01-18,Bayern Munich,Wolfsburg,Bundesliga,2024,football_data_D1_2024_clean.csv,NEEDS_MANUAL_ENTRY,3.23282,0.702414,understat_xg_bundesliga_2024_understat_alias_preview_understat_date_alignment_preview.csv,MATCH_PAIR_XG_SOURCE
2025-01-18,Bochum,RB Leipzig,Bundesliga,2024,football_data_D1_2024_clean.csv,NEEDS_MANUAL_ENTRY,2.75969,2.38567,understat_xg_bundesliga_2024_understat_alias_preview_understat_date_alignment_preview.csv,MATCH_PAIR_XG_SOURCE
2025-01-18,FC Heidenheim,FC St Pauli,Bundesliga,2024,football_data_D1_2024_clean.csv,NEEDS_MANUAL_ENTRY,0.923964,2.23242,understat_xg_bundesliga_2024_understat_alias_preview_understat_date_alignment_preview.csv,MATCH_PAIR_XG_SOURCE
2025-01-18,Holstein Kiel,Hoffenheim,Bundesliga,2024,football_data_D1_2024_clean.csv,NEEDS_MANUAL_ENTRY,0.908525,0.905544,understat_xg_bundesliga_2024_understat_alias_preview_understat_date_alignment_preview.csv,MATCH_PAIR_XG_SOURCE
2025-01-18,Leverkusen,M'gladbach,Bundesliga,2024,football_data_D1_2024_clean.csv,NEEDS_MANUAL_ENTRY,2.08382,0.473935,understat_xg_bundesliga_2024_understat_alias_preview_understat_date_alignment_preview.csv,MATCH_PAIR_XG_SOURCE
2025-01-18,Stuttgart,Freiburg,Bundesliga,2024,football_data_D1_2024_clean.csv,NEEDS_MANUAL_ENTRY,2.26605,0.187694,understat_xg_bundesliga_2024_understat_alias_preview_understat_date_alignment_preview.csv,MATCH_PAIR_XG_SOURCE
2025-01-19,Union Berlin,Mainz,Bundesliga,2024,football_data_D1_2024_clean.csv,NEEDS_MANUAL_ENTRY,2.44953,1.40424,understat_xg_bundesliga_2024_understat_alias_preview_understat_date_alignment_preview.csv,MATCH_PAIR_XG_SOURCE
2025-01-19,Werder Bremen,Augsburg,Bundesliga,2024,football_data_D1_2024_clean.csv,NEEDS_MANUAL_ENTRY,1.15183,1.31644,understat_xg_bundesliga_2024_understat_alias_preview_understat_date_alignment_preview.csv,MATCH_PAIR_XG_SOURCE
2025-01-24,Wolfsburg,Holstein Kiel,Bundesliga,2024,football_data_D1_2024_clean.csv,NEEDS_MANUAL_ENTRY,2.52045,0.265769,understat_xg_bundesliga_2024_understat_alias_preview_understat_date_alignment_preview.csv,MATCH_PAIR_XG_SOURCE
2025-01-25,Augsburg,FC Heidenheim,Bundesliga,2024,football_data_D1_2024_clean.csv,NEEDS_MANUAL_ENTRY,1.63821,0.94738,understat_xg_bundesliga_2024_understat_alias_preview_understat_date_alignment_preview.csv,MATCH_PAIR_XG_SOURCE
2025-01-25,Dortmund,Werder Bremen,Bundesliga,2024,football_data_D1_2024_clean.csv,NEEDS_MANUAL_ENTRY,1.49423,1.11662,understat_xg_bundesliga_2024_understat_alias_preview_understat_date_alignment_preview.csv,MATCH_PAIR_XG_SOURCE
2025-01-25,Freiburg,Bayern Munich,Bundesliga,2024,football_data_D1_2024_clean.csv,NEEDS_MANUAL_ENTRY,0.271308,0.787581,understat_xg_bundesliga_2024_understat_alias_preview_understat_date_alignment_preview.csv,MATCH_PAIR_XG_SOURCE
2025-01-25,M'gladbach,Bochum,Bundesliga,2024,football_data_D1_2024_clean.csv,NEEDS_MANUAL_ENTRY,2.93153,0.759449,understat_xg_bundesliga_2024_understat_alias_preview_understat_date_alignment_preview.csv,MATCH_PAIR_XG_SOURCE
2025-01-25,Mainz,Stuttgart,Bundesliga,2024,football_data_D1_2024_clean.csv,NEEDS_MANUAL_ENTRY,2.22883,0.917385,understat_xg_bundesliga_2024_understat_alias_preview_understat_date_alignment_preview.csv,MATCH_PAIR_XG_SOURCE
2025-01-25,RB Leipzig,Leverkusen,Bundesliga,2024,football_data_D1_2024_clean.csv,NEEDS_MANUAL_ENTRY,0.708246,2.57674,understat_xg_bundesliga_2024_understat_alias_preview_understat_date_alignment_preview.csv,MATCH_PAIR_XG_SOURCE
2025-01-26,FC St Pauli,Union Berlin,Bundesliga,2024,football_data_D1_2024_clean.csv,NEEDS_MANUAL_ENTRY,1.40358,0.986402,understat_xg_bundesliga_2024_understat_alias_preview_understat_date_alignment_preview.csv,MATCH_PAIR_XG_SOURCE
2025-01-26,Hoffenheim,Ein Frankfurt,Bundesliga,2024,football_data_D1_2024_clean.csv,NEEDS_MANUAL_ENTRY,2.32141,2.30325,understat_xg_bundesliga_2024_understat_alias_preview_understat_date_alignment_preview.csv,MATCH_PAIR_XG_SOURCE
2025-01-31,Werder Bremen,Mainz,Bundesliga,2024,football_data_D1_2024_clean.csv,NEEDS_MANUAL_ENTRY,2.58542,1.01597,understat_xg_bundesliga_2024_understat_alias_preview_understat_date_alignment_preview.csv,MATCH_PAIR_XG_SOURCE
2025-02-01,Bayern Munich,Holstein Kiel,Bundesliga,2024,football_data_D1_2024_clean.csv,NEEDS_MANUAL_ENTRY,4.93236,2.05752,understat_xg_bundesliga_2024_understat_alias_preview_understat_date_alignment_preview.csv,MATCH_PAIR_XG_SOURCE
2025-02-01,Bochum,Freiburg,Bundesliga,2024,football_data_D1_2024_clean.csv,NEEDS_MANUAL_ENTRY,0.843049,3.33243,understat_xg_bundesliga_2024_understat_alias_preview_understat_date_alignment_preview.csv,MATCH_PAIR_XG_SOURCE
2025-02-01,FC Heidenheim,Dortmund,Bundesliga,2024,football_data_D1_2024_clean.csv,NEEDS_MANUAL_ENTRY,0.525888,2.68284,understat_xg_bundesliga_2024_understat_alias_preview_understat_date_alignment_preview.csv,MATCH_PAIR_XG_SOURCE
2025-02-01,FC St Pauli,Augsburg,Bundesliga,2024,football_data_D1_2024_clean.csv,NEEDS_MANUAL_ENTRY,0.849878,0.194891,understat_xg_bundesliga_2024_understat_alias_preview_understat_date_alignment_preview.csv,MATCH_PAIR_XG_SOURCE
2025-02-01,Stuttgart,M'gladbach,Bundesliga,2024,football_data_D1_2024_clean.csv,NEEDS_MANUAL_ENTRY,0.950734,1.96971,understat_xg_bundesliga_2024_understat_alias_preview_understat_date_alignment_preview.csv,MATCH_PAIR_XG_SOURCE
2025-02-01,Union Berlin,RB Leipzig,Bundesliga,2024,football_data_D1_2024_clean.csv,NEEDS_MANUAL_ENTRY,1.74847,0.237923,understat_xg_bundesliga_2024_understat_alias_preview_understat_date_alignment_preview.csv,MATCH_PAIR_XG_SOURCE
2025-02-02,Ein Frankfurt,Wolfsburg,Bundesliga,2024,football_data_D1_2024_clean.csv,NEEDS_MANUAL_ENTRY,1.69604,1.46292,understat_xg_bundesliga_2024_understat_alias_preview_understat_date_alignment_preview.csv,MATCH_PAIR_XG_SOURCE
2025-02-02,Leverkusen,Hoffenheim,Bundesliga,2024,football_data_D1_2024_clean.csv,NEEDS_MANUAL_ENTRY,1.35418,1.94944,understat_xg_bundesliga_2024_understat_alias_preview_understat_date_alignment_preview.csv,MATCH_PAIR_XG_SOURCE
2025-02-07,Bayern Munich,Werder Bremen,Bundesliga,2024,football_data_D1_2024_clean.csv,NEEDS_MANUAL_ENTRY,4.47713,0.151051,understat_xg_bundesliga_2024_understat_alias_preview_understat_date_alignment_preview.csv,MATCH_PAIR_XG_SOURCE
2025-02-08,Dortmund,Stuttgart,Bundesliga,2024,football_data_D1_2024_clean.csv,NEEDS_MANUAL_ENTRY,1.07063,0.452825,understat_xg_bundesliga_2024_understat_alias_preview_understat_date_alignment_preview.csv,MATCH_PAIR_XG_SOURCE
2025-02-08,Freiburg,FC Heidenheim,Bundesliga,2024,football_data_D1_2024_clean.csv,NEEDS_MANUAL_ENTRY,1.33195,0.434356,understat_xg_bundesliga_2024_understat_alias_preview_understat_date_alignment_preview.csv,MATCH_PAIR_XG_SOURCE
2025-02-08,Hoffenheim,Union Berlin,Bundesliga,2024,football_data_D1_2024_clean.csv,NEEDS_MANUAL_ENTRY,0.881646,3.86589,understat_xg_bundesliga_2024_understat_alias_preview_understat_date_alignment_preview.csv,MATCH_PAIR_XG_SOURCE
2025-02-08,M'gladbach,Ein Frankfurt,Bundesliga,2024,football_data_D1_2024_clean.csv,NEEDS_MANUAL_ENTRY,0.656491,2.5487,understat_xg_bundesliga_2024_understat_alias_preview_understat_date_alignment_preview.csv,MATCH_PAIR_XG_SOURCE
2025-02-08,Mainz,Augsburg,Bundesliga,2024,football_data_D1_2024_clean.csv,NEEDS_MANUAL_ENTRY,1.99994,0.260742,understat_xg_bundesliga_2024_understat_alias_preview_understat_date_alignment_preview.csv,MATCH_PAIR_XG_SOURCE
2025-02-08,Wolfsburg,Leverkusen,Bundesliga,2024,football_data_D1_2024_clean.csv,NEEDS_MANUAL_ENTRY,0.895017,1.66317,understat_xg_bundesliga_2024_understat_alias_preview_understat_date_alignment_preview.csv,MATCH_PAIR_XG_SOURCE
2025-02-09,Holstein Kiel,Bochum,Bundesliga,2024,football_data_D1_2024_clean.csv,NEEDS_MANUAL_ENTRY,2.0,2.0,understat_xg_bundesliga_2024_understat_alias_preview_understat_date_alignment_preview.csv,MATCH_PAIR_XG_SOURCE
2025-02-09,RB Leipzig,FC St Pauli,Bundesliga,2024,football_data_D1_2024_clean.csv,NEEDS_MANUAL_ENTRY,1.89601,0.72321,understat_xg_bundesliga_2024_understat_alias_preview_understat_date_alignment_preview.csv,MATCH_PAIR_XG_SOURCE
2025-02-14,Augsburg,RB Leipzig,Bundesliga,2024,football_data_D1_2024_clean.csv,NEEDS_MANUAL_ENTRY,1.05445,1.6452,understat_xg_bundesliga_2024_understat_alias_preview_understat_date_alignment_preview.csv,MATCH_PAIR_XG_SOURCE
2025-02-15,Bochum,Dortmund,Bundesliga,2024,football_data_D1_2024_clean.csv,NEEDS_MANUAL_ENTRY,3.3688,2.70519,understat_xg_bundesliga_2024_understat_alias_preview_understat_date_alignment_preview.csv,MATCH_PAIR_XG_SOURCE
2025-02-15,FC St Pauli,Freiburg,Bundesliga,2024,football_data_D1_2024_clean.csv,NEEDS_MANUAL_ENTRY,0.19059,1.25072,understat_xg_bundesliga_2024_understat_alias_preview_understat_date_alignment_preview.csv,MATCH_PAIR_XG_SOURCE
2025-02-15,Leverkusen,Bayern Munich,Bundesliga,2024,football_data_D1_2024_clean.csv,NEEDS_MANUAL_ENTRY,2.55729,0.0720406,understat_xg_bundesliga_2024_understat_alias_preview_understat_date_alignment_preview.csv,MATCH_PAIR_XG_SOURCE
2025-02-15,Stuttgart,Wolfsburg,Bundesliga,2024,football_data_D1_2024_clean.csv,NEEDS_MANUAL_ENTRY,1.22466,1.75731,understat_xg_bundesliga_2024_understat_alias_preview_understat_date_alignment_preview.csv,MATCH_PAIR_XG_SOURCE
2025-02-15,Union Berlin,M'gladbach,Bundesliga,2024,football_data_D1_2024_clean.csv,NEEDS_MANUAL_ENTRY,1.66824,2.22036,understat_xg_bundesliga_2024_understat_alias_preview_understat_date_alignment_preview.csv,MATCH_PAIR_XG_SOURCE
2025-02-16,Ein Frankfurt,Holstein Kiel,Bundesliga,2024,football_data_D1_2024_clean.csv,NEEDS_MANUAL_ENTRY,3.02527,1.26559,understat_xg_bundesliga_2024_understat_alias_preview_understat_date_alignment_preview.csv,MATCH_PAIR_XG_SOURCE
2025-02-16,FC Heidenheim,Mainz,Bundesliga,2024,football_data_D1_2024_clean.csv,NEEDS_MANUAL_ENTRY,0.545205,1.94932,understat_xg_bundesliga_2024_understat_alias_preview_understat_date_alignment_preview.csv,MATCH_PAIR_XG_SOURCE
2025-02-16,Werder Bremen,Hoffenheim,Bundesliga,2024,football_data_D1_2024_clean.csv,NEEDS_MANUAL_ENTRY,0.85665,1.91874,understat_xg_bundesliga_2024_understat_alias_preview_understat_date_alignment_preview.csv,MATCH_PAIR_XG_SOURCE
2025-02-21,Freiburg,Werder Bremen,Bundesliga,2024,football_data_D1_2024_clean.csv,NEEDS_MANUAL_ENTRY,2.66243,1.25462,understat_xg_bundesliga_2024_understat_alias_preview_understat_date_alignment_preview.csv,MATCH_PAIR_XG_SOURCE
2025-02-22,Dortmund,Union Berlin,Bundesliga,2024,football_data_D1_2024_clean.csv,NEEDS_MANUAL_ENTRY,5.44112,0.365382,understat_xg_bundesliga_2024_understat_alias_preview_understat_date_alignment_preview.csv,MATCH_PAIR_XG_SOURCE
2025-02-22,Holstein Kiel,Leverkusen,Bundesliga,2024,football_data_D1_2024_clean.csv,NEEDS_MANUAL_ENTRY,0.494995,2.55557,understat_xg_bundesliga_2024_understat_alias_preview_understat_date_alignment_preview.csv,MATCH_PAIR_XG_SOURCE
2025-02-22,M'gladbach,Augsburg,Bundesliga,2024,football_data_D1_2024_clean.csv,NEEDS_MANUAL_ENTRY,0.800003,1.73915,understat_xg_bundesliga_2024_understat_alias_preview_understat_date_alignment_preview.csv,MATCH_PAIR_XG_SOURCE
2025-02-22,Mainz,FC St Pauli,Bundesliga,2024,football_data_D1_2024_clean.csv,NEEDS_MANUAL_ENTRY,1.35603,0.90068,understat_xg_bundesliga_2024_understat_alias_preview_understat_date_alignment_preview.csv,MATCH_PAIR_XG_SOURCE
2025-02-22,Wolfsburg,Bochum,Bundesliga,2024,football_data_D1_2024_clean.csv,NEEDS_MANUAL_ENTRY,2.16138,1.46609,understat_xg_bundesliga_2024_understat_alias_preview_understat_date_alignment_preview.csv,MATCH_PAIR_XG_SOURCE
2025-02-23,Bayern Munich,Ein Frankfurt,Bundesliga,2024,football_data_D1_2024_clean.csv,NEEDS_MANUAL_ENTRY,4.48699,0.49278,understat_xg_bundesliga_2024_understat_alias_preview_understat_date_alignment_preview.csv,MATCH_PAIR_XG_SOURCE
2025-02-23,Hoffenheim,Stuttgart,Bundesliga,2024,football_data_D1_2024_clean.csv,NEEDS_MANUAL_ENTRY,0.705815,3.67099,understat_xg_bundesliga_2024_understat_alias_preview_understat_date_alignment_preview.csv,MATCH_PAIR_XG_SOURCE
2025-02-23,RB Leipzig,FC Heidenheim,Bundesliga,2024,football_data_D1_2024_clean.csv,NEEDS_MANUAL_ENTRY,1.6451,0.834882,understat_xg_bundesliga_2024_understat_alias_preview_understat_date_alignment_preview.csv,MATCH_PAIR_XG_SOURCE
2025-02-28,Stuttgart,Bayern Munich,Bundesliga,2024,football_data_D1_2024_clean.csv,NEEDS_MANUAL_ENTRY,0.653703,2.29942,understat_xg_bundesliga_2024_understat_alias_preview_understat_date_alignment_preview.csv,MATCH_PAIR_XG_SOURCE
2025-03-01,Bochum,Hoffenheim,Bundesliga,2024,football_data_D1_2024_clean.csv,NEEDS_MANUAL_ENTRY,1.4452,0.525952,understat_xg_bundesliga_2024_understat_alias_preview_understat_date_alignment_preview.csv,MATCH_PAIR_XG_SOURCE
2025-03-01,Ein Frankfurt,Leverkusen,Bundesliga,2024,football_data_D1_2024_clean.csv,NEEDS_MANUAL_ENTRY,1.00046,2.37018,understat_xg_bundesliga_2024_understat_alias_preview_understat_date_alignment_preview.csv,MATCH_PAIR_XG_SOURCE
2025-03-01,FC Heidenheim,M'gladbach,Bundesliga,2024,football_data_D1_2024_clean.csv,NEEDS_MANUAL_ENTRY,1.87707,1.7158,understat_xg_bundesliga_2024_understat_alias_preview_understat_date_alignment_preview.csv,MATCH_PAIR_XG_SOURCE
2025-03-01,FC St Pauli,Dortmund,Bundesliga,2024,football_data_D1_2024_clean.csv,NEEDS_MANUAL_ENTRY,0.293506,2.23846,understat_xg_bundesliga_2024_understat_alias_preview_understat_date_alignment_preview.csv,MATCH_PAIR_XG_SOURCE
2025-03-01,RB Leipzig,Mainz,Bundesliga,2024,football_data_D1_2024_clean.csv,NEEDS_MANUAL_ENTRY,1.78404,1.64735,understat_xg_bundesliga_2024_understat_alias_preview_understat_date_alignment_preview.csv,MATCH_PAIR_XG_SOURCE
2025-03-01,Werder Bremen,Wolfsburg,Bundesliga,2024,football_data_D1_2024_clean.csv,NEEDS_MANUAL_ENTRY,2.10317,1.11674,understat_xg_bundesliga_2024_understat_alias_preview_understat_date_alignment_preview.csv,MATCH_PAIR_XG_SOURCE
2025-03-02,Augsburg,Freiburg,Bundesliga,2024,football_data_D1_2024_clean.csv,NEEDS_MANUAL_ENTRY,2.222,0.799243,understat_xg_bundesliga_2024_understat_alias_preview_understat_date_alignment_preview.csv,MATCH_PAIR_XG_SOURCE
2025-03-02,Union Berlin,Holstein Kiel,Bundesliga,2024,football_data_D1_2024_clean.csv,NEEDS_MANUAL_ENTRY,0.886081,0.692509,understat_xg_bundesliga_2024_understat_alias_preview_understat_date_alignment_preview.csv,MATCH_PAIR_XG_SOURCE
2025-03-07,M'gladbach,Mainz,Bundesliga,2024,football_data_D1_2024_clean.csv,NEEDS_MANUAL_ENTRY,1.25544,1.98889,understat_xg_bundesliga_2024_understat_alias_preview_understat_date_alignment_preview.csv,MATCH_PAIR_XG_SOURCE
2025-03-08,Bayern Munich,Bochum,Bundesliga,2024,football_data_D1_2024_clean.csv,NEEDS_MANUAL_ENTRY,2.72891,1.36274,understat_xg_bundesliga_2024_understat_alias_preview_understat_date_alignment_preview.csv,MATCH_PAIR_XG_SOURCE
2025-03-08,Dortmund,Augsburg,Bundesliga,2024,football_data_D1_2024_clean.csv,NEEDS_MANUAL_ENTRY,1.11055,0.250168,understat_xg_bundesliga_2024_understat_alias_preview_understat_date_alignment_preview.csv,MATCH_PAIR_XG_SOURCE
2025-03-08,Freiburg,RB Leipzig,Bundesliga,2024,football_data_D1_2024_clean.csv,NEEDS_MANUAL_ENTRY,0.510953,2.02806,understat_xg_bundesliga_2024_understat_alias_preview_understat_date_alignment_preview.csv,MATCH_PAIR_XG_SOURCE
2025-03-08,Holstein Kiel,Stuttgart,Bundesliga,2024,football_data_D1_2024_clean.csv,NEEDS_MANUAL_ENTRY,1.97246,1.0726,understat_xg_bundesliga_2024_understat_alias_preview_understat_date_alignment_preview.csv,MATCH_PAIR_XG_SOURCE
2025-03-08,Leverkusen,Werder Bremen,Bundesliga,2024,football_data_D1_2024_clean.csv,NEEDS_MANUAL_ENTRY,1.36325,1.67701,understat_xg_bundesliga_2024_understat_alias_preview_understat_date_alignment_preview.csv,MATCH_PAIR_XG_SOURCE
2025-03-08,Wolfsburg,FC St Pauli,Bundesliga,2024,football_data_D1_2024_clean.csv,NEEDS_MANUAL_ENTRY,1.96602,1.23696,understat_xg_bundesliga_2024_understat_alias_preview_understat_date_alignment_preview.csv,MATCH_PAIR_XG_SOURCE
2025-03-09,Ein Frankfurt,Union Berlin,Bundesliga,2024,football_data_D1_2024_clean.csv,NEEDS_MANUAL_ENTRY,2.00811,0.725817,understat_xg_bundesliga_2024_understat_alias_preview_understat_date_alignment_preview.csv,MATCH_PAIR_XG_SOURCE
2025-03-09,Hoffenheim,FC Heidenheim,Bundesliga,2024,football_data_D1_2024_clean.csv,NEEDS_MANUAL_ENTRY,1.78028,2.31324,understat_xg_bundesliga_2024_understat_alias_preview_understat_date_alignment_preview.csv,MATCH_PAIR_XG_SOURCE
2025-03-14,FC St Pauli,Hoffenheim,Bundesliga,2024,football_data_D1_2024_clean.csv,NEEDS_MANUAL_ENTRY,1.43518,0.196271,understat_xg_bundesliga_2024_understat_alias_preview_understat_date_alignment_preview.csv,MATCH_PAIR_XG_SOURCE
2025-03-15,Augsburg,Wolfsburg,Bundesliga,2024,football_data_D1_2024_clean.csv,NEEDS_MANUAL_ENTRY,0.598968,0.763636,understat_xg_bundesliga_2024_understat_alias_preview_understat_date_alignment_preview.csv,MATCH_PAIR_XG_SOURCE
2025-03-15,Mainz,Freiburg,Bundesliga,2024,football_data_D1_2024_clean.csv,NEEDS_MANUAL_ENTRY,1.33307,2.93264,understat_xg_bundesliga_2024_understat_alias_preview_understat_date_alignment_preview.csv,MATCH_PAIR_XG_SOURCE
2025-03-15,RB Leipzig,Dortmund,Bundesliga,2024,football_data_D1_2024_clean.csv,NEEDS_MANUAL_ENTRY,2.55875,4.09542,understat_xg_bundesliga_2024_understat_alias_preview_understat_date_alignment_preview.csv,MATCH_PAIR_XG_SOURCE
2025-03-15,Union Berlin,Bayern Munich,Bundesliga,2024,football_data_D1_2024_clean.csv,NEEDS_MANUAL_ENTRY,0.8044,1.83549,understat_xg_bundesliga_2024_understat_alias_preview_understat_date_alignment_preview.csv,MATCH_PAIR_XG_SOURCE
2025-03-15,Werder Bremen,M'gladbach,Bundesliga,2024,football_data_D1_2024_clean.csv,NEEDS_MANUAL_ENTRY,2.98283,2.32056,understat_xg_bundesliga_2024_understat_alias_preview_understat_date_alignment_preview.csv,MATCH_PAIR_XG_SOURCE
2025-03-16,Bochum,Ein Frankfurt,Bundesliga,2024,football_data_D1_2024_clean.csv,NEEDS_MANUAL_ENTRY,1.88062,3.29403,understat_xg_bundesliga_2024_understat_alias_preview_understat_date_alignment_preview.csv,MATCH_PAIR_XG_SOURCE
2025-03-16,FC Heidenheim,Holstein Kiel,Bundesliga,2024,football_data_D1_2024_clean.csv,NEEDS_MANUAL_ENTRY,1.6572,1.14988,understat_xg_bundesliga_2024_understat_alias_preview_understat_date_alignment_preview.csv,MATCH_PAIR_XG_SOURCE
2025-03-16,Stuttgart,Leverkusen,Bundesliga,2024,football_data_D1_2024_clean.csv,NEEDS_MANUAL_ENTRY,2.85024,2.07439,understat_xg_bundesliga_2024_understat_alias_preview_understat_date_alignment_preview.csv,MATCH_PAIR_XG_SOURCE
2025-03-28,Leverkusen,Bochum,Bundesliga,2024,football_data_D1_2024_clean.csv,NEEDS_MANUAL_ENTRY,2.08076,0.702152,understat_xg_bundesliga_2024_understat_alias_preview_understat_date_alignment_preview.csv,MATCH_PAIR_XG_SOURCE
2025-03-29,Bayern Munich,FC St Pauli,Bundesliga,2024,football_data_D1_2024_clean.csv,NEEDS_MANUAL_ENTRY,4.00213,0.841269,understat_xg_bundesliga_2024_understat_alias_preview_understat_date_alignment_preview.csv,MATCH_PAIR_XG_SOURCE
2025-03-29,Ein Frankfurt,Stuttgart,Bundesliga,2024,football_data_D1_2024_clean.csv,NEEDS_MANUAL_ENTRY,3.69196,0.863163,understat_xg_bundesliga_2024_understat_alias_preview_understat_date_alignment_preview.csv,MATCH_PAIR_XG_SOURCE
2025-03-29,Hoffenheim,Augsburg,Bundesliga,2024,football_data_D1_2024_clean.csv,NEEDS_MANUAL_ENTRY,1.94509,0.688621,understat_xg_bundesliga_2024_understat_alias_preview_understat_date_alignment_preview.csv,MATCH_PAIR_XG_SOURCE
2025-03-29,Holstein Kiel,Werder Bremen,Bundesliga,2024,football_data_D1_2024_clean.csv,NEEDS_MANUAL_ENTRY,0.56476,1.48157,understat_xg_bundesliga_2024_understat_alias_preview_understat_date_alignment_preview.csv,MATCH_PAIR_XG_SOURCE
2025-03-29,M'gladbach,RB Leipzig,Bundesliga,2024,football_data_D1_2024_clean.csv,NEEDS_MANUAL_ENTRY,1.79539,0.929047,understat_xg_bundesliga_2024_understat_alias_preview_understat_date_alignment_preview.csv,MATCH_PAIR_XG_SOURCE
2025-03-29,Wolfsburg,FC Heidenheim,Bundesliga,2024,football_data_D1_2024_clean.csv,NEEDS_MANUAL_ENTRY,1.23886,1.31407,understat_xg_bundesliga_2024_understat_alias_preview_understat_date_alignment_preview.csv,MATCH_PAIR_XG_SOURCE
2025-03-30,Dortmund,Mainz,Bundesliga,2024,football_data_D1_2024_clean.csv,NEEDS_MANUAL_ENTRY,2.69722,0.654443,understat_xg_bundesliga_2024_understat_alias_preview_understat_date_alignment_preview.csv,MATCH_PAIR_XG_SOURCE
2025-03-30,Freiburg,Union Berlin,Bundesliga,2024,football_data_D1_2024_clean.csv,NEEDS_MANUAL_ENTRY,1.01023,1.38632,understat_xg_bundesliga_2024_understat_alias_preview_understat_date_alignment_preview.csv,MATCH_PAIR_XG_SOURCE
2025-04-04,Augsburg,Bayern Munich,Bundesliga,2024,football_data_D1_2024_clean.csv,NEEDS_MANUAL_ENTRY,0.567653,1.91653,understat_xg_bundesliga_2024_understat_alias_preview_understat_date_alignment_preview.csv,MATCH_PAIR_XG_SOURCE
2025-04-05,Bochum,Stuttgart,Bundesliga,2024,football_data_D1_2024_clean.csv,NEEDS_MANUAL_ENTRY,0.815791,2.64663,understat_xg_bundesliga_2024_understat_alias_preview_understat_date_alignment_preview.csv,MATCH_PAIR_XG_SOURCE
2025-04-05,FC Heidenheim,Leverkusen,Bundesliga,2024,football_data_D1_2024_clean.csv,NEEDS_MANUAL_ENTRY,1.30234,0.367393,understat_xg_bundesliga_2024_understat_alias_preview_understat_date_alignment_preview.csv,MATCH_PAIR_XG_SOURCE
2025-04-05,Freiburg,Dortmund,Bundesliga,2024,football_data_D1_2024_clean.csv,NEEDS_MANUAL_ENTRY,2.02793,3.55487,understat_xg_bundesliga_2024_understat_alias_preview_understat_date_alignment_preview.csv,MATCH_PAIR_XG_SOURCE
2025-04-05,Mainz,Holstein Kiel,Bundesliga,2024,football_data_D1_2024_clean.csv,NEEDS_MANUAL_ENTRY,1.65205,1.66267,understat_xg_bundesliga_2024_understat_alias_preview_understat_date_alignment_preview.csv,MATCH_PAIR_XG_SOURCE
2025-04-05,RB Leipzig,Hoffenheim,Bundesliga,2024,football_data_D1_2024_clean.csv,NEEDS_MANUAL_ENTRY,1.40121,1.18624,understat_xg_bundesliga_2024_understat_alias_preview_understat_date_alignment_preview.csv,MATCH_PAIR_XG_SOURCE
2025-04-05,Werder Bremen,Ein Frankfurt,Bundesliga,2024,football_data_D1_2024_clean.csv,NEEDS_MANUAL_ENTRY,1.22711,0.515073,understat_xg_bundesliga_2024_understat_alias_preview_understat_date_alignment_preview.csv,MATCH_PAIR_XG_SOURCE
2025-04-06,FC St Pauli,M'gladbach,Bundesliga,2024,football_data_D1_2024_clean.csv,NEEDS_MANUAL_ENTRY,2.19443,0.646648,understat_xg_bundesliga_2024_understat_alias_preview_understat_date_alignment_preview.csv,MATCH_PAIR_XG_SOURCE
2025-04-06,Union Berlin,Wolfsburg,Bundesliga,2024,football_data_D1_2024_clean.csv,NEEDS_MANUAL_ENTRY,1.55071,1.79618,understat_xg_bundesliga_2024_understat_alias_preview_understat_date_alignment_preview.csv,MATCH_PAIR_XG_SOURCE
2025-04-11,Wolfsburg,RB Leipzig,Bundesliga,2024,football_data_D1_2024_clean.csv,NEEDS_MANUAL_ENTRY,1.84361,1.60065,understat_xg_bundesliga_2024_understat_alias_preview_understat_date_alignment_preview.csv,MATCH_PAIR_XG_SOURCE
2025-04-12,Bayern Munich,Dortmund,Bundesliga,2024,football_data_D1_2024_clean.csv,NEEDS_MANUAL_ENTRY,2.94706,1.71681,understat_xg_bundesliga_2024_understat_alias_preview_understat_date_alignment_preview.csv,MATCH_PAIR_XG_SOURCE
2025-04-12,Bochum,Augsburg,Bundesliga,2024,football_data_D1_2024_clean.csv,NEEDS_MANUAL_ENTRY,1.86097,1.02536,understat_xg_bundesliga_2024_understat_alias_preview_understat_date_alignment_preview.csv,MATCH_PAIR_XG_SOURCE
2025-04-12,Hoffenheim,Mainz,Bundesliga,2024,football_data_D1_2024_clean.csv,NEEDS_MANUAL_ENTRY,1.42393,0.969601,understat_xg_bundesliga_2024_understat_alias_preview_understat_date_alignment_preview.csv,MATCH_PAIR_XG_SOURCE
2025-04-12,Holstein Kiel,FC St Pauli,Bundesliga,2024,football_data_D1_2024_clean.csv,NEEDS_MANUAL_ENTRY,0.692664,1.06614,understat_xg_bundesliga_2024_understat_alias_preview_understat_date_alignment_preview.csv,MATCH_PAIR_XG_SOURCE
2025-04-12,Leverkusen,Union Berlin,Bundesliga,2024,football_data_D1_2024_clean.csv,NEEDS_MANUAL_ENTRY,0.495489,0.513825,understat_xg_bundesliga_2024_understat_alias_preview_understat_date_alignment_preview.csv,MATCH_PAIR_XG_SOURCE
2025-04-12,M'gladbach,Freiburg,Bundesliga,2024,football_data_D1_2024_clean.csv,NEEDS_MANUAL_ENTRY,0.524784,2.31704,understat_xg_bundesliga_2024_understat_alias_preview_understat_date_alignment_preview.csv,MATCH_PAIR_XG_SOURCE
2025-04-13,Ein Frankfurt,FC Heidenheim,Bundesliga,2024,football_data_D1_2024_clean.csv,NEEDS_MANUAL_ENTRY,3.64515,1.28841,understat_xg_bundesliga_2024_understat_alias_preview_understat_date_alignment_preview.csv,MATCH_PAIR_XG_SOURCE
2025-04-13,Stuttgart,Werder Bremen,Bundesliga,2024,football_data_D1_2024_clean.csv,NEEDS_MANUAL_ENTRY,1.75437,1.65438,understat_xg_bundesliga_2024_understat_alias_preview_understat_date_alignment_preview.csv,MATCH_PAIR_XG_SOURCE
2025-04-19,FC Heidenheim,Bayern Munich,Bundesliga,2024,football_data_D1_2024_clean.csv,NEEDS_MANUAL_ENTRY,0.529774,3.54191,understat_xg_bundesliga_2024_understat_alias_preview_understat_date_alignment_preview.csv,MATCH_PAIR_XG_SOURCE
2025-04-19,Freiburg,Hoffenheim,Bundesliga,2024,football_data_D1_2024_clean.csv,NEEDS_MANUAL_ENTRY,1.54968,1.94701,understat_xg_bundesliga_2024_understat_alias_preview_understat_date_alignment_preview.csv,MATCH_PAIR_XG_SOURCE
2025-04-19,Mainz,Wolfsburg,Bundesliga,2024,football_data_D1_2024_clean.csv,NEEDS_MANUAL_ENTRY,2.68235,1.80796,understat_xg_bundesliga_2024_understat_alias_preview_understat_date_alignment_preview.csv,MATCH_PAIR_XG_SOURCE
2025-04-19,RB Leipzig,Holstein Kiel,Bundesliga,2024,football_data_D1_2024_clean.csv,NEEDS_MANUAL_ENTRY,2.16761,1.017,understat_xg_bundesliga_2024_understat_alias_preview_understat_date_alignment_preview.csv,MATCH_PAIR_XG_SOURCE
2025-04-19,Union Berlin,Stuttgart,Bundesliga,2024,football_data_D1_2024_clean.csv,NEEDS_MANUAL_ENTRY,2.16124,1.19,understat_xg_bundesliga_2024_understat_alias_preview_understat_date_alignment_preview.csv,MATCH_PAIR_XG_SOURCE
2025-04-19,Werder Bremen,Bochum,Bundesliga,2024,football_data_D1_2024_clean.csv,NEEDS_MANUAL_ENTRY,2.70919,0.4947,understat_xg_bundesliga_2024_understat_alias_preview_understat_date_alignment_preview.csv,MATCH_PAIR_XG_SOURCE
2025-04-20,Augsburg,Ein Frankfurt,Bundesliga,2024,football_data_D1_2024_clean.csv,NEEDS_MANUAL_ENTRY,1.14215,1.39546,understat_xg_bundesliga_2024_understat_alias_preview_understat_date_alignment_preview.csv,MATCH_PAIR_XG_SOURCE
2025-04-20,Dortmund,M'gladbach,Bundesliga,2024,football_data_D1_2024_clean.csv,NEEDS_MANUAL_ENTRY,1.18456,1.2185,understat_xg_bundesliga_2024_understat_alias_preview_understat_date_alignment_preview.csv,MATCH_PAIR_XG_SOURCE
2025-04-20,FC St Pauli,Leverkusen,Bundesliga,2024,football_data_D1_2024_clean.csv,NEEDS_MANUAL_ENTRY,2.3164,1.13491,understat_xg_bundesliga_2024_understat_alias_preview_understat_date_alignment_preview.csv,MATCH_PAIR_XG_SOURCE
2025-04-25,Stuttgart,FC Heidenheim,Bundesliga,2024,football_data_D1_2024_clean.csv,NEEDS_MANUAL_ENTRY,1.91698,0.522621,understat_xg_bundesliga_2024_understat_alias_preview_understat_date_alignment_preview.csv,MATCH_PAIR_XG_SOURCE
2025-04-26,Bayern Munich,Mainz,Bundesliga,2024,football_data_D1_2024_clean.csv,NEEDS_MANUAL_ENTRY,1.70143,0.923874,understat_xg_bundesliga_2024_understat_alias_preview_understat_date_alignment_preview.csv,MATCH_PAIR_XG_SOURCE
2025-04-26,Ein Frankfurt,RB Leipzig,Bundesliga,2024,football_data_D1_2024_clean.csv,NEEDS_MANUAL_ENTRY,2.23942,0.316263,understat_xg_bundesliga_2024_understat_alias_preview_understat_date_alignment_preview.csv,MATCH_PAIR_XG_SOURCE
2025-04-26,Hoffenheim,Dortmund,Bundesliga,2024,football_data_D1_2024_clean.csv,NEEDS_MANUAL_ENTRY,1.19025,2.41526,understat_xg_bundesliga_2024_understat_alias_preview_understat_date_alignment_preview.csv,MATCH_PAIR_XG_SOURCE
2025-04-26,Holstein Kiel,M'gladbach,Bundesliga,2024,football_data_D1_2024_clean.csv,NEEDS_MANUAL_ENTRY,3.0385,2.55098,understat_xg_bundesliga_2024_understat_alias_preview_understat_date_alignment_preview.csv,MATCH_PAIR_XG_SOURCE
2025-04-26,Leverkusen,Augsburg,Bundesliga,2024,football_data_D1_2024_clean.csv,NEEDS_MANUAL_ENTRY,1.03782,0.640893,understat_xg_bundesliga_2024_understat_alias_preview_understat_date_alignment_preview.csv,MATCH_PAIR_XG_SOURCE
2025-04-26,Wolfsburg,Freiburg,Bundesliga,2024,football_data_D1_2024_clean.csv,NEEDS_MANUAL_ENTRY,0.288019,1.95821,understat_xg_bundesliga_2024_understat_alias_preview_understat_date_alignment_preview.csv,MATCH_PAIR_XG_SOURCE
2025-04-27,Bochum,Union Berlin,Bundesliga,2024,football_data_D1_2024_clean.csv,NEEDS_MANUAL_ENTRY,1.5178,0.498974,understat_xg_bundesliga_2024_understat_alias_preview_understat_date_alignment_preview.csv,MATCH_PAIR_XG_SOURCE
2025-04-27,Werder Bremen,FC St Pauli,Bundesliga,2024,football_data_D1_2024_clean.csv,NEEDS_MANUAL_ENTRY,1.55064,0.830832,understat_xg_bundesliga_2024_understat_alias_preview_understat_date_alignment_preview.csv,MATCH_PAIR_XG_SOURCE
2025-05-02,FC Heidenheim,Bochum,Bundesliga,2024,football_data_D1_2024_clean.csv,NEEDS_MANUAL_ENTRY,0.463987,1.81311,understat_xg_bundesliga_2024_understat_alias_preview_understat_date_alignment_preview.csv,MATCH_PAIR_XG_SOURCE
2025-05-03,Dortmund,Wolfsburg,Bundesliga,2024,football_data_D1_2024_clean.csv,NEEDS_MANUAL_ENTRY,2.54996,1.3634,understat_xg_bundesliga_2024_understat_alias_preview_understat_date_alignment_preview.csv,MATCH_PAIR_XG_SOURCE
2025-05-03,FC St Pauli,Stuttgart,Bundesliga,2024,football_data_D1_2024_clean.csv,NEEDS_MANUAL_ENTRY,0.213208,3.56335,understat_xg_bundesliga_2024_understat_alias_preview_understat_date_alignment_preview.csv,MATCH_PAIR_XG_SOURCE
2025-05-03,M'gladbach,Hoffenheim,Bundesliga,2024,football_data_D1_2024_clean.csv,NEEDS_MANUAL_ENTRY,1.91833,1.91093,understat_xg_bundesliga_2024_understat_alias_preview_understat_date_alignment_preview.csv,MATCH_PAIR_XG_SOURCE
2025-05-03,RB Leipzig,Bayern Munich,Bundesliga,2024,football_data_D1_2024_clean.csv,NEEDS_MANUAL_ENTRY,1.74905,1.97214,understat_xg_bundesliga_2024_understat_alias_preview_understat_date_alignment_preview.csv,MATCH_PAIR_XG_SOURCE
2025-05-03,Union Berlin,Werder Bremen,Bundesliga,2024,football_data_D1_2024_clean.csv,NEEDS_MANUAL_ENTRY,1.35336,1.35783,understat_xg_bundesliga_2024_understat_alias_preview_understat_date_alignment_preview.csv,MATCH_PAIR_XG_SOURCE
2025-05-04,Augsburg,Holstein Kiel,Bundesliga,2024,football_data_D1_2024_clean.csv,NEEDS_MANUAL_ENTRY,3.93001,2.10407,understat_xg_bundesliga_2024_understat_alias_preview_understat_date_alignment_preview.csv,MATCH_PAIR_XG_SOURCE
2025-05-04,Freiburg,Leverkusen,Bundesliga,2024,football_data_D1_2024_clean.csv,NEEDS_MANUAL_ENTRY,0.904468,0.227838,understat_xg_bundesliga_2024_understat_alias_preview_understat_date_alignment_preview.csv,MATCH_PAIR_XG_SOURCE
2025-05-04,Mainz,Ein Frankfurt,Bundesliga,2024,football_data_D1_2024_clean.csv,NEEDS_MANUAL_ENTRY,1.64254,1.3876,understat_xg_bundesliga_2024_understat_alias_preview_understat_date_alignment_preview.csv,MATCH_PAIR_XG_SOURCE
2025-05-09,Wolfsburg,Hoffenheim,Bundesliga,2024,football_data_D1_2024_clean.csv,NEEDS_MANUAL_ENTRY,1.36763,1.10881,understat_xg_bundesliga_2024_understat_alias_preview_understat_date_alignment_preview.csv,MATCH_PAIR_XG_SOURCE
2025-05-10,Bayern Munich,M'gladbach,Bundesliga,2024,football_data_D1_2024_clean.csv,NEEDS_MANUAL_ENTRY,2.78307,1.35544,understat_xg_bundesliga_2024_understat_alias_preview_understat_date_alignment_preview.csv,MATCH_PAIR_XG_SOURCE
2025-05-10,Bochum,Mainz,Bundesliga,2024,football_data_D1_2024_clean.csv,NEEDS_MANUAL_ENTRY,0.734972,2.48765,understat_xg_bundesliga_2024_understat_alias_preview_understat_date_alignment_preview.csv,MATCH_PAIR_XG_SOURCE
2025-05-10,Holstein Kiel,Freiburg,Bundesliga,2024,football_data_D1_2024_clean.csv,NEEDS_MANUAL_ENTRY,0.974297,2.01558,understat_xg_bundesliga_2024_understat_alias_preview_understat_date_alignment_preview.csv,MATCH_PAIR_XG_SOURCE
2025-05-10,Union Berlin,FC Heidenheim,Bundesliga,2024,football_data_D1_2024_clean.csv,NEEDS_MANUAL_ENTRY,0.528885,1.86184,understat_xg_bundesliga_2024_understat_alias_preview_understat_date_alignment_preview.csv,MATCH_PAIR_XG_SOURCE
2025-05-10,Werder Bremen,RB Leipzig,Bundesliga,2024,football_data_D1_2024_clean.csv,NEEDS_MANUAL_ENTRY,3.20616,1.39403,understat_xg_bundesliga_2024_understat_alias_preview_understat_date_alignment_preview.csv,MATCH_PAIR_XG_SOURCE
2025-05-11,Ein Frankfurt,FC St Pauli,Bundesliga,2024,football_data_D1_2024_clean.csv,NEEDS_MANUAL_ENTRY,1.82027,0.666882,understat_xg_bundesliga_2024_understat_alias_preview_understat_date_alignment_preview.csv,MATCH_PAIR_XG_SOURCE
2025-05-11,Leverkusen,Dortmund,Bundesliga,2024,football_data_D1_2024_clean.csv,NEEDS_MANUAL_ENTRY,1.90473,1.39477,understat_xg_bundesliga_2024_understat_alias_preview_understat_date_alignment_preview.csv,MATCH_PAIR_XG_SOURCE
2025-05-11,Stuttgart,Augsburg,Bundesliga,2024,football_data_D1_2024_clean.csv,NEEDS_MANUAL_ENTRY,4.97233,0.381838,understat_xg_bundesliga_2024_understat_alias_preview_understat_date_alignment_preview.csv,MATCH_PAIR_XG_SOURCE
2025-05-17,Augsburg,Union Berlin,Bundesliga,2024,football_data_D1_2024_clean.csv,NEEDS_MANUAL_ENTRY,1.57932,1.14135,understat_xg_bundesliga_2024_understat_alias_preview_understat_date_alignment_preview.csv,MATCH_PAIR_XG_SOURCE
2025-05-17,Dortmund,Holstein Kiel,Bundesliga,2024,football_data_D1_2024_clean.csv,NEEDS_MANUAL_ENTRY,2.56073,0.574499,understat_xg_bundesliga_2024_understat_alias_preview_understat_date_alignment_preview.csv,MATCH_PAIR_XG_SOURCE
2025-05-17,FC Heidenheim,Werder Bremen,Bundesliga,2024,football_data_D1_2024_clean.csv,NEEDS_MANUAL_ENTRY,1.75706,2.20606,understat_xg_bundesliga_2024_understat_alias_preview_understat_date_alignment_preview.csv,MATCH_PAIR_XG_SOURCE
2025-05-17,FC St Pauli,Bochum,Bundesliga,2024,football_data_D1_2024_clean.csv,NEEDS_MANUAL_ENTRY,0.802748,1.34252,understat_xg_bundesliga_2024_understat_alias_preview_understat_date_alignment_preview.csv,MATCH_PAIR_XG_SOURCE
2025-05-17,Freiburg,Ein Frankfurt,Bundesliga,2024,football_data_D1_2024_clean.csv,NEEDS_MANUAL_ENTRY,1.14001,2.61814,understat_xg_bundesliga_2024_understat_alias_preview_understat_date_alignment_preview.csv,MATCH_PAIR_XG_SOURCE
2025-05-17,Hoffenheim,Bayern Munich,Bundesliga,2024,football_data_D1_2024_clean.csv,NEEDS_MANUAL_ENTRY,0.661398,2.21427,understat_xg_bundesliga_2024_understat_alias_preview_understat_date_alignment_preview.csv,MATCH_PAIR_XG_SOURCE
2025-05-17,M'gladbach,Wolfsburg,Bundesliga,2024,football_data_D1_2024_clean.csv,NEEDS_MANUAL_ENTRY,0.744546,1.5757,understat_xg_bundesliga_2024_understat_alias_preview_understat_date_alignment_preview.csv,MATCH_PAIR_XG_SOURCE
2025-05-17,Mainz,Leverkusen,Bundesliga,2024,football_data_D1_2024_clean.csv,NEEDS_MANUAL_ENTRY,2.89903,1.33572,understat_xg_bundesliga_2024_understat_alias_preview_understat_date_alignment_preview.csv,MATCH_PAIR_XG_SOURCE
2025-05-17,RB Leipzig,Stuttgart,Bundesliga,2024,football_data_D1_2024_clean.csv,NEEDS_MANUAL_ENTRY,1.42373,3.34624,understat_xg_bundesliga_2024_understat_alias_preview_understat_date_alignment_preview.csv,MATCH_PAIR_XG_SOURCE
